{"name":"PLS","R2X":1,"meanX":[2.5],"stdDevX":[1.8708286933869707],"meanY":[2.5],"stdDevY":[1.8708286933869707],"PBQ":[[1]],"tolerance":0.0001,"scale":true}